Na2O Al2O3 MgO SiO2 K2O CaO TiO2 Cr2O3 FeO	MnO X Y
0.0585	34.0452	10.3646	48.5983	0.0099	0.0250	0.0000	0.0000	4.7517	0.0000	-16.4507	7.9378
0.0670	34.2115	10.3479	48.6659	0.0059	0.0031	0.0000	0.0000	4.9279	0.0000	-16.478		7.9378
0.0794	34.1380	10.4023	48.8652	0.0029	0.0000	0.0000	0.0000	4.8781	0.0000	-16.5052	7.9378
0.0711	34.1096	10.2561	48.7023	0.0000	0.0000	0.0000	0.0000	4.7587	0.0000	-16.5325	7.9378
0.0346	20.5867	6.4166	70.4562	0.0294	0.0338	0.0000	0.0000	3.1193	0.0000	-16.5598	7.9378
0.0000	0.0282	0.0063	98.7175	0.0060	0.0151	0.0000	0.0000	0.1571	0.0000	-16.6689	7.9378
0.0575	34.1560	10.3312	48.8988	0.0026	0.0016	0.0000	0.0000	4.7887	0.0000	-16.7234	7.9378
0.0586	32.3015	9.1949	51.3584	0.0628	0.0203	0.0000	0.0000	4.4940	0.0000	-16.7507	7.9378
0.0659	34.4003	10.1527	49.0519	0.0026	0.0219	0.0000	0.0000	4.8814	0.0000	-16.778		7.9378
0.0470	34.2305	10.3905	48.8698	0.0035	0.0180	0.0000	0.0000	4.8874	0.0000	-16.8052	7.9378
0.0733	31.3260	9.2841	52.3241	0.0445	0.0133	0.0000	0.0000	4.5009	0.0000	-16.8325	7.9378
0.0356	34.0609	10.0782	48.6858	0.0000	0.0047	0.0000	0.0000	4.8881	0.0000	-16.8598	7.9378
0.1046	34.3205	10.1527	48.8413	0.0094	0.0133	0.0000	0.0000	4.8739	0.0000	-16.8871	7.9378
0.0806	34.2104	10.2237	48.8124	0.0030	0.0133	0.0000	0.0000	5.0088	0.0000	-16.9689	7.9378
0.1016	34.2770	10.2643	48.8685	0.0047	0.0141	0.0000	0.0000	5.0267	0.0000	-16.9961	7.9378
0.0482	33.9587	10.0350	48.3813	0.0228	0.0203	0.0000	0.0000	5.0175	0.0000	-17.078		7.9378
0.0000	0.1436	0.0379	98.4175	0.0000	0.0000	0.0000	0.0000	0.1438	0.0000	-17.1052	7.9378
0.0712	34.2468	10.3268	48.7827	0.0017	0.0125	0.0000	0.0000	4.8977	0.0000	-16.8577	7.4319
0.0523	34.1036	10.5014	49.0441	0.0030	0.0211	0.0000	0.0000	4.9175	0.0000	-16.8577	7.4685
0.0743	34.3135	10.2740	48.9973	0.0066	0.0133	0.0000	0.0000	4.9433	0.0000	-16.8577	7.505
0.1004	34.1536	10.2699	48.8254	0.0124	0.0141	0.0000	0.0000	4.8817	0.0000	-16.8577	7.5416
0.0795	34.2221	10.2764	48.9016	0.0005	0.0078	0.0000	0.0000	4.9391	0.0000	-16.8577	7.5781
0.0471	34.0658	10.2554	49.1542	0.0067	0.0086	0.0000	0.0000	4.9360	0.0000	-16.8577	7.6147
0.0680	34.2447	10.3777	48.9970	0.0040	0.0344	0.0000	0.0000	4.8780	0.0000	-16.8577	7.6512
0.1047	34.1548	10.2181	48.6460	0.0045	0.0102	0.0000	0.0000	4.9755	0.0000	-16.8577	7.6878
0.0890	34.2338	10.3075	48.6581	0.0060	0.0000	0.0000	0.0000	4.9657	0.0000	-16.8577	7.7243
0.1058	33.9804	10.1694	48.9545	0.0087	0.0000	0.0000	0.0000	4.9961	0.0000	-16.8577	7.6878
0.0916	34.1288	10.7372	49.1237	0.0037	0.0164	0.0000	0.0000	4.4484	0.0000	-17.7601	6.5937
0.1084	34.4259	10.6154	48.8679	0.0076	0.0008	0.0000	0.0000	4.5925	0.0000	-17.7601	6.618
0.0897	34.2963	10.4933	49.1170	0.0080	0.0469	0.0000	0.0000	4.6003	0.0000	-17.7601	6.6424
0.9700	32.2099	8.8458	49.8838	1.0706	0.2444	0.0000	0.0000	3.8184	0.0000	-17.7601	6.6667
0.0844	34.1556	10.5007	48.9392	0.0021	0.0172	0.0000	0.0000	4.5457	0.0000	-17.7601	6.6911
0.2791	33.8755	7.8725	45.0626	0.4082	0.3466	0.0000	0.0000	3.4955	0.0000	-17.7601	6.7154
0.0437	34.3074	10.6648	49.3915	0.0011	0.0133	0.0000	0.0000	4.4332	0.0000	-17.7601	6.7397
0.1448	34.4728	10.6321	48.7763	0.0120	0.0148	0.0000	0.0000	4.5008	0.0000	-17.7601	6.7641
0.0824	34.0421	10.5048	48.9505	0.0000	0.0039	0.0000	0.0000	4.5539	0.0000	-17.7601	6.7884
0.0960	34.1638	10.5703	48.8332	0.0000	0.0281	0.0000	0.0000	4.6610	0.0000	-17.7601	6.8128
0.0833	34.3447	10.6247	49.0499	0.0022	0.0078	0.0000	0.0000	4.5007	0.0000	-17.7601	6.8371
0.0510	34.2567	10.6643	49.3588	0.0000	0.0219	0.0000	0.0000	4.4362	0.0000	-17.7601	6.8615
0.0719	34.2293	10.5507	49.2547	0.0026	0.0133	0.0000	0.0000	4.5574	0.0000	-17.7601	6.8858
0.0584	34.3244	10.4055	49.1671	0.0120	0.0000	0.0000	0.0000	4.4824	0.0000	-17.7601	6.9101
0.0750	34.4426	10.7608	49.3397	0.0041	0.0000	0.0000	0.0000	4.5276	0.0000	-17.7601	6.9345
0.0542	34.1850	10.4682	49.0296	0.0002	0.0156	0.0000	0.0000	4.4845	0.0000	-17.7601	6.9588
0.0823	34.1804	10.6489	49.1669	0.0114	0.0016	0.0000	0.0000	4.5088	0.0000	-17.7601	6.9832
0.0856	34.4509	10.4304	48.8651	0.0004	0.0164	0.0000	0.0000	4.6647	0.0000	-17.7601	7.0075
0.0782	34.3370	10.5779	49.1067	0.0102	0.0094	0.0000	0.0000	4.5956	0.0000	-17.7601	7.0318
0.0792	34.3309	10.4717	48.5926	0.0066	0.0000	0.0000	0.0000	4.5748	0.0000	-17.7601	7.0562
0.0686	34.1926	10.8519	49.1536	0.0141	0.0000	0.0000	0.0000	4.2892	0.0000	-17.7601	7.0805
0.0812	34.3962	10.5238	49.1048	0.0255	0.0000	0.0000	0.0000	4.3372	0.0000	-17.7601	7.1049
0.0883	34.5047	10.8864	49.2082	0.0130	0.0203	0.0000	0.0000	4.1968	0.0000	-17.7601	7.1292
0.0792	34.4751	10.6659	49.1005	0.0135	0.0000	0.0000	0.0000	4.5015	0.0000	-17.7601	7.1535
0.0656	34.4708	10.7460	49.3523	0.0027	0.0094	0.0000	0.0000	4.4625	0.0000	-17.7601	7.1779
0.0687	57.1444	7.3206	0.4907	0.0000	0.0052	0.0000	0.0000	29.9435	0.0000	-17.7601	7.2022
0.0774	57.6583	7.6005	3.2574	0.0000	0.0105	0.0000	0.0000	28.0017	0.0000	-17.7601	7.2266
0.0781	34.6118	10.7175	48.9709	0.0358	0.0500	0.0000	0.0000	4.4729	0.0000	-17.7601	7.2509
0.0828	57.6547	7.2356	0.0190	0.0000	0.0105	0.0000	0.0000	30.8284	0.0000	-17.7601	7.2752
0.0720	57.0017	6.9548	0.0326	0.0073	0.0000	0.0000	0.0000	31.5764	0.0000	-17.7601	7.2996
0.0491	56.5111	7.1031	0.6068	0.0152	0.0112	0.0000	0.0000	31.1059	0.0000	-17.7601	7.3239
0.0501	34.7355	10.7817	49.2175	0.0026	0.0086	0.0000	0.0000	4.7474	0.0000	-17.7601	7.3483
0.0898	34.1138	10.6009	48.9321	0.0047	0.0094	0.0000	0.0000	4.7313	0.0000	-17.7601	7.3726
0.0741	34.2370	10.6422	49.1462	0.0020	0.0039	0.0000	0.0000	4.6276	0.0000	-17.7601	7.397
0.0908	34.5014	10.6263	49.3244	0.0061	0.0023	0.0000	0.0000	4.7207	0.0000	-17.7601	7.4213
0.0647	34.5600	10.5454	49.0684	0.0012	0.0164	0.0000	0.0000	4.7456	0.0000	-17.7601	7.4456
0.0564	34.2734	10.4644	48.7248	0.0045	0.0039	0.0000	0.0000	4.6707	0.0000	-17.7601	7.47
0.0782	34.1918	10.5074	49.1605	0.0100	0.0141	0.0000	0.0000	4.5429	0.0000	-17.7601	7.4943
0.0698	34.5952	10.7621	49.0677	0.0054	0.0312	0.0000	0.0000	4.6316	0.0000	-17.7601	7.5187
0.0781	34.3017	10.6060	48.9395	0.0015	0.0234	0.0000	0.0000	4.4593	0.0000	-17.7601	7.543
0.0000	22.3428	9.3403	38.7045	0.0093	0.9315	0.0000	0.0590	27.8095	0.7320	-18.7115	6.0409
0.0126	22.3262	9.4088	38.6981	0.0000	0.8907	0.0060	0.0507	28.0856	0.7249	-18.7115	6.0859
0.0573	22.2250	9.2655	38.6035	0.0224	0.8842	0.0265	0.0547	28.0728	0.7476	-18.7115	6.1309
0.0113	22.3950	9.3563	38.6552	0.0062	0.8487	0.0342	0.0515	28.0086	0.7459	-18.7115	6.1759
0.0101	22.4334	9.4437	38.5718	0.0052	0.8660	0.0071	0.0374	28.2384	0.7598	-18.7115	6.2209
0.0113	22.4009	9.3566	38.4787	0.0121	0.8366	0.0105	0.0227	27.9274	0.7560	-18.7115	6.2659
0.0189	22.4018	9.4908	38.1683	0.0096	0.8917	0.0000	0.0235	28.1100	0.7304	-18.7115	6.3109
0.0000	22.4902	9.4715	38.3601	0.0000	0.8818	0.0167	0.0149	27.9070	0.7170	-18.7115	6.3559
0.0000	22.3169	9.4231	38.5049	0.0000	0.8086	0.0079	0.0111	28.0452	0.7218	-18.7115	6.4009
0.0057	22.2854	9.3819	38.5868	0.0028	0.8451	0.0077	0.0066	27.7912	0.7324	-18.7115	6.4459
0.0057	22.5758	9.3412	38.7597	0.0269	0.8808	0.0130	0.0000	27.9541	0.7465	-18.7115	6.4909
0.0038	22.5312	9.3002	38.6546	0.0000	0.8305	0.0070	0.0164	28.1615	0.7274	-18.7115	6.5359
0.0031	22.3864	9.3138	38.4768	0.0045	0.8265	0.0135	0.0157	28.2169	0.7615	-18.7115	6.5809
0.0094	22.5791	9.2142	38.5484	0.0010	0.8628	0.0000	0.0299	28.3567	0.7417	-18.7115	6.6259
0.0000	22.3053	9.2960	38.6322	0.0038	0.9076	0.0000	0.0583	28.2505	0.7646	-18.7115	6.6709
0.0309	22.6304	9.1162	38.8044	0.0248	0.9288	0.0054	0.0939	28.3982	0.7448	-18.7115	6.7159
3.2698	19.3892	0.0068	64.0419	11.5090	0.0000	0.0058	0.0000	0.2488	0.0000	-18.7115	6.7609
0.0133	22.1264	8.5124	38.1367	0.0306	0.9519	0.0084	0.2254	28.4894	0.7814	-18.7115	6.8059
0.3083	33.6857	8.1101	45.4173	0.4481	0.3232	0.0060	0.0000	4.5042	0.0234	-18.7115	6.8509
0.1969	32.4718	9.8537	45.4178	0.1658	0.1626	0.0000	0.0067	5.4386	0.0193	-18.7115	6.8959
0.0000	22.1650	8.5022	38.0681	0.0000	0.9720	0.0039	0.1059	28.5936	0.7380	-18.7115	6.9409
0.0000	22.3350	8.7147	38.2074	0.0000	0.9226	0.0192	0.0603	28.4640	0.7768	-18.7115	6.9859
0.0000	22.4148	8.9501	38.1511	0.0000	0.9044	0.0006	0.0292	28.6416	0.7978	-18.7115	7.031
0.0032	22.5586	8.9962	38.3382	0.0152	0.8725	0.0239	0.0053	28.5890	0.7615	-18.7115	7.076
0.0006	22.3766	9.1022	38.3943	0.0038	0.8216	0.0132	0.0106	28.2562	0.7454	-18.7115	7.121
0.0000	22.4165	9.1050	38.5392	0.0065	0.8974	0.0073	0.0190	28.6989	0.8149	-18.7115	7.166
0.0000	22.5740	9.1519	38.4299	0.0000	0.9147	0.0212	0.0282	28.3030	0.7539	-18.7115	7.211
0.0032	22.6438	9.2314	38.3279	0.0083	0.9039	0.0090	0.0132	28.1721	0.7610	-18.7115	7.256
0.0101	22.3393	9.1944	38.4470	0.0014	0.8827	0.0000	0.0061	28.2754	0.7280	-18.7115	7.301
0.0000	22.4016	9.2057	38.5996	0.0038	0.8680	0.0126	0.0161	28.0796	0.7405	-18.7115	7.346
0.0202	22.6059	9.2951	38.3337	0.0000	0.8320	0.0000	0.0069	28.4378	0.7889	-18.7115	7.391
0.0195	22.5051	9.3075	38.3446	0.0000	0.8688	0.0104	0.0000	28.3366	0.7562	-18.7115	7.436
0.0000	22.5910	9.3435	38.6354	0.0010	0.8730	0.0144	0.0218	28.0072	0.7656	-18.7115	7.481
0.0239	22.5202	9.2820	38.7173	0.0079	0.8997	0.0036	0.0319	27.9249	0.7359	-18.7115	7.526
0.0075	22.4321	9.2309	38.3184	0.0127	0.8724	0.0017	0.0500	27.6921	0.7276	-18.7115	7.571
0.0000	22.4071	9.2336	38.6245	0.0158	0.9690	0.0048	0.0681	28.1411	0.8067	-18.7115	7.616
0.0100	0.0000	0.0000	98.2707	0.0149	0.0119	0.0191	0.0073	0.1972	0.0254	-18.7115	7.661
0.0121	0.0293	0.0098	97.7058	0.0098	0.0143	0.0074	0.0074	0.2188	0.0045	-18.7115	7.706
0.0000	22.3976	9.1979	38.2886	0.0062	0.9226	0.0002	0.0814	27.7030	0.7548	-18.7115	7.751
0.0120	22.4768	9.2355	38.0463	0.0000	0.9055	0.0003	0.0793	28.1354	0.7251	-18.7115	7.796
0.0000	22.4754	9.2243	38.5029	0.0000	0.8357	0.0000	0.0997	28.1375	0.7090	-18.7115	7.841
0.0000	22.4387	9.2808	38.5589	0.0000	0.8918	0.0107	0.0821	28.1007	0.7462	-18.7115	7.886
0.0000	22.3830	9.2862	38.4488	0.0000	0.9207	0.0014	0.0924	28.1322	0.7721	-18.7115	7.931
0.0032	22.1455	9.2339	38.0834	0.0072	0.9160	0.0063	0.1066	28.1045	0.7649	-18.7115	7.976
0.0013	22.2382	9.1417	38.4108	0.0000	0.9540	0.0053	0.1144	28.0391	0.7528	-18.7115	8.021
0.0210	22.1199	8.1332	38.2097	0.0000	0.9701	0.0000	0.0761	29.8687	0.8275	-16.7918	7.0093
0.0044	22.3938	8.4700	37.9982	0.0000	0.8573	0.0102	0.0340	29.3081	0.8519	-16.744		7.1461
0.0807	22.1899	8.1826	37.9664	0.0265	0.9698	0.0097	0.0934	29.2586	0.7928	-16.7235	7.2616
0.0000	22.3971	8.3514	38.0071	0.0038	0.9972	0.0192	0.0606	29.1186	0.8280	-17.7397	6.4509
0.0127	22.3763	8.6591	38.5434	0.0062	0.9434	0.0110	0.0601	28.8997	0.7982	-17.5597	6.4855
0.0000	22.2664	8.6981	37.9198	0.0007	0.9746	0.0000	0.0762	29.1494	0.7624	-17.3774	6.5593
0.0000	22.1819	8.3816	37.9706	0.0000	0.9263	0.0000	0.0597	28.9677	0.7882	-17.1764	6.7513
0.0000	0.0064	0.6671	0.0000	0.0000	0.0000	50.4538	0.0771	48.0817	0.2228	-16.4094	8.0969
0.0000	0.0112	0.5405	0.0052	0.0000	0.0080	50.4811	0.0622	47.7254	0.2260	-16.5217	8.3085
0.0000	0.0234	0.4942	0.0380	0.0000	0.0076	50.7051	0.0748	47.9362	0.2552	-16.5463	8.336
0.0000	0.0000	1.8791	0.0186	0.0000	0.0153	50.3928	0.1907	45.8100	0.1761	-17.6914	8.742
0.0000	0.0023	1.8439	0.0194	0.0000	0.0057	50.5540	0.1701	45.9993	0.2054	-17.735		8.782
0.0000	0.0222	1.8484	0.0091	0.0000	0.0000	50.5695	0.1928	46.1418	0.1922	-17.7817	8.8201
0.0000	0.0010	1.3510	0.0131	0.0000	0.0000	50.9630	0.1378	46.6869	0.2125	-17.5494	8.2295
0.0000	0.0000	1.3428	0.0036	0.0000	0.0000	51.1254	0.1291	46.8862	0.2044	-17.566		8.1946
0.0000	0.0019	1.3798	0.0000	0.0000	0.0000	51.0544	0.1393	46.5852	0.2289	-17.6508	8.12
0.0000	0.0090	1.3540	0.0101	0.0000	0.0000	51.0495	0.1280	46.7775	0.2132	-17.699		8.062
0.0000	0.0048	0.8249	0.0119	0.0000	0.0000	51.2074	0.0390	47.8486	0.1489	-17.8015	6.2711
0.0000	0.0019	0.7787	0.0078	0.0000	0.0080	51.3585	0.0425	47.3663	0.1506	-17.796		6.256
0.0000	0.0071	1.2155	0.0191	0.0000	0.0110	48.5038	0.3146	47.7148	0.1883	-16.665		6.7043
0.0000	0.0203	1.2001	0.0350	0.0000	0.0090	48.2013	0.2835	47.9972	0.1870	-16.6847	6.6833
0.0000	0.0084	1.5897	0.0108	0.0000	0.0110	49.8336	0.3198	46.7361	0.1954	-16.4129	6.4497
0.0000	0.0142	1.5194	0.0181	0.0000	0.0017	48.8781	0.3419	47.4017	0.1563	-16.446		6.472
0.0000	2.0310	2.0374	0.0191	0.0000	0.0067	48.0148	0.3345	44.5250	0.1411	-16.5526	6.2923
0.0000	0.0216	1.7541	0.0229	0.0000	0.2459	48.3273	0.1920	47.1719	0.1665	-16.5043	6.1739
0.0000	0.0071	1.4699	0.0000	0.0000	0.0096	49.4741	0.1646	47.1648	0.1843	-16.4743	6.0126
0.0000	0.0071	1.6369	0.0134	0.0000	0.0176	49.0055	0.1905	46.6909	0.1311	-16.3836	5.9808
8.3978	24.8475	0.0000	61.2061	0.1224	5.6146	0.0000	0.0000	0.0442	0.0000	-17.6653	9.0569
8.3978	24.5147	0.0000	61.3002	0.1355	5.4381	0.0000	0.0000	0.0296	0.0000	-17.6894	9.0569
8.4292	24.6828	0.0000	61.3427	0.1429	5.5365	0.0000	0.0000	0.0369	0.0000	-17.7134	9.0569
8.1781	24.7071	0.0000	61.2828	0.1332	5.5529	0.0000	0.0000	0.0142	0.0000	-17.7375	9.0569
8.3403	24.6475	0.0000	61.1606	0.1382	5.4988	0.0000	0.0000	0.0798	0.0000	-17.7616	9.0569
8.4303	24.6276	0.0000	61.1353	0.1386	5.6556	0.0000	0.0000	0.0155	0.0000	-17.7856	9.0569
8.2148	24.5429	0.0000	61.1207	0.1090	5.4426	0.0000	0.0000	0.1013	0.0000	-17.8097	9.0569
8.6125	24.3261	0.0000	61.6296	0.1700	5.1568	0.0000	0.0000	0.0438	0.0000	-17.8337	9.0569
8.3675	24.4725	0.0000	61.1846	0.1359	5.6027	0.0000	0.0000	0.0090	0.0000	-17.8578	9.0569
8.5589	24.6248	0.0000	61.4389	0.1424	5.5156	0.0000	0.0000	0.0305	0.0000	-17.8819	9.0569
8.4063	24.5552	0.0000	61.3619	0.1478	5.4666	0.0000	0.0000	0.0240	0.0000	-17.9059	9.0569
8.5725	24.8061	0.0000	61.4825	0.1403	5.4849	0.0000	0.0000	0.0223	0.0000	-17.93		9.0569
8.3873	24.5583	0.0000	61.4259	0.1483	5.4457	0.0000	0.0000	0.0227	0.0000	-17.9541	9.0569
8.1634	24.3603	0.0000	60.6440	0.1729	5.4925	0.0000	0.0000	0.0481	0.0000	-17.9781	9.0569
8.2773	24.3240	0.0000	61.5899	0.1654	5.2448	0.0000	0.0000	0.0476	0.0000	-18.0022	9.0569
8.5657	24.7147	0.0000	61.0569	0.1553	5.5443	0.0000	0.0000	0.0245	0.0000	-18.0262	9.0569
8.2807	24.4497	0.0000	61.1638	0.1655	5.5056	0.0000	0.0000	0.0365	0.0000	-18.0503	9.0569
8.5388	24.4802	0.0000	61.1567	0.1517	5.4731	0.0000	0.0000	0.0039	0.0000	-18.0744	9.0569
8.2146	24.6092	0.0000	61.3014	0.1678	5.5040	0.0000	0.0000	0.0686	0.0000	-18.0984	9.0569
8.3288	24.3525	0.0000	60.9040	0.1654	5.4994	0.0000	0.0000	0.0708	0.0000	-18.1225	9.0569
8.5738	24.7200	0.0000	61.5846	0.1612	5.5785	0.0000	0.0000	0.0446	0.0000	-18.1466	9.0569
8.3671	24.7578	0.0000	61.2764	0.1727	5.5007	0.0000	0.0000	0.0326	0.0000	-18.1706	9.0569
8.4067	24.6314	0.0000	61.1713	0.1772	5.6467	0.0000	0.0000	0.0446	0.0000	-18.1947	9.0569
8.3950	24.6078	0.0000	61.0499	0.1546	5.6943	0.0000	0.0000	0.0257	0.0000	-18.2187	9.0569
8.3594	24.7352	0.0000	61.2744	0.1374	5.5603	0.0000	0.0000	0.0463	0.0000	-18.2428	9.0569
8.2896	24.7096	0.0000	60.9687	0.1252	5.5205	0.0000	0.0000	0.0458	0.0000	-16.9862	8.6253
8.4147	24.5119	0.0000	60.8549	0.1313	5.5171	0.0000	0.0000	0.0223	0.0000	-17.0817	8.5285
8.5008	24.5562	0.0000	61.2922	0.1098	5.4554	0.0000	0.0000	0.0155	0.0000	-17.1158	8.429
2.4069	19.2867	0.0000	64.5891	12.5088	0.0000	0.0000	0.0000	0.2214	0.0000	-18.0917	5.9776
2.3251	19.3174	0.0000	64.2978	12.6063	0.0000	0.0000	0.0000	0.1388	0.0000	-18.0917	6
2.7083	19.7015	0.0000	64.7988	12.1071	0.0000	0.0000	0.0000	0.0968	0.0000	-18.0917	6.0223
2.2110	19.4277	0.0000	64.2738	12.9436	0.0000	0.0000	0.0000	0.0539	0.0000	-18.0917	6.0447
3.0614	19.5487	0.0000	64.9640	11.5976	0.0000	0.0000	0.0000	0.0505	0.0000	-18.0917	6.067
3.0022	19.5113	0.0000	64.7125	11.7952	0.0000	0.0000	0.0000	0.0583	0.0000	-18.0917	6.0893
2.7466	19.5246	0.0000	64.5261	12.1114	0.0000	0.0000	0.0000	0.0432	0.0000	-18.0917	6.1117
2.7786	19.4970	0.0000	64.3743	12.0568	0.0000	0.0000	0.0000	0.0407	0.0000	-18.0917	6.1341
2.2522	19.4706	0.0000	64.5313	12.7924	0.0000	0.0000	0.0000	0.0403	0.0000	-18.0917	6.1564
2.7506	19.4038	0.0000	64.8494	12.1654	0.0000	0.0000	0.0000	0.0604	0.0000	-18.0917	6.1788
2.3691	19.4313	0.0000	64.7600	12.6119	0.0000	0.0000	0.0000	0.0638	0.0000	-18.0917	6.2011
1.3870	20.4391	0.0000	52.8695	9.4596	0.0000	0.0000	0.0000	0.3364	0.0000	-18.0917	6.2234
3.0724	19.4640	0.0000	65.0521	11.7292	0.0000	0.0000	0.0000	0.0458	0.0000	-18.0917	6.2458
2.6666	19.3975	0.0000	64.5668	12.3075	0.0000	0.0000	0.0000	0.0458	0.0000	-18.0917	6.2682
2.9353	19.4547	0.0000	64.9468	11.7233	0.0000	0.0000	0.0000	0.0429	0.0000	-18.0917	6.2905
3.1191	19.7045	0.0000	64.7712	11.5351	0.0000	0.0000	0.0000	0.0510	0.0000	-18.0917	6.3129
2.8480	19.5109	0.0000	64.8763	11.9374	0.0000	0.0000	0.0000	0.0364	0.0000	-18.0917	6.3352
2.0179	19.3587	0.0000	64.6029	13.2757	0.0000	0.0000	0.0000	0.0415	0.0000	-18.0917	6.3576
2.3267	19.4440	0.0000	64.5310	12.7392	0.0000	0.0000	0.0000	0.0141	0.0000	-18.0917	6.3799
2.8282	19.5610	0.0000	64.2319	11.7142	0.0000	0.0000	0.0000	0.0245	0.0000	-18.0917	6.4023
2.9300	19.5711	0.0000	64.7102	11.6581	0.0000	0.0000	0.0000	0.0663	0.0000	-18.0917	6.4246
2.9107	19.5217	0.0000	64.8246	11.8195	0.0000	0.0000	0.0000	0.0450	0.0000	-18.0917	6.447
2.5003	19.4878	0.0000	64.5739	12.4514	0.0000	0.0000	0.0000	0.0698	0.0000	-18.0917	6.4693
2.5653	19.4451	0.0000	64.3485	12.2813	0.0000	0.0000	0.0000	0.0930	0.0000	-18.0917	6.4917
1.6541	19.1792	0.0000	64.0041	13.6216	0.0000	0.0000	0.0000	0.1875	0.0000	-18.0917	6.514
0.0000	57.9789	7.1009	0.1722	0.0000	0.0000	0.0000	0.0000	30.6328	0.0825	-17.6818	7.1056
0.0000	57.6717	7.1553	0.0166	0.0000	0.0000	0.0000	0.0000	30.5697	0.1015	-17.6885	7.0463
0.0000	58.3915	7.2614	0.0000	0.0000	0.0000	0.0000	0.0000	30.2632	0.0972	-17.6827	7.2415
0.0000	58.0952	6.9443	0.0063	0.0000	0.0000	0.0000	0.0000	31.4287	0.1066	-17.7814	7.2312
0.0000	57.7042	7.0626	0.0064	0.0000	0.0000	0.0000	0.0000	30.9904	0.0613	-17.8602	7.226
0.0000	58.5505	7.2631	0.0155	0.0000	0.0000	0.0000	0.0000	30.3351	0.0959	-17.7922	7.264
0.0000	58.3110	7.1714	0.0000	0.0000	0.0000	0.0000	0.0000	30.9868	0.0812	-17.7454	7.3029
0.0000	57.1122	7.4487	0.0000	0.0000	0.0000	0.0000	0.0000	31.6249	0.0734	-17.7864	7.3299
0.0000	58.4516	7.1683	0.0203	0.0000	0.0000	0.0024	0.0000	30.3225	0.0787	-17.8502	7.1524
0.0000	57.8334	6.9747	0.0000	0.0000	0.0000	0.0177	0.0000	31.1757	0.0937	-17.9949	7.0671
0.0000	58.4343	7.1537	0.0187	0.0000	0.0000	0.0225	0.0000	30.8333	0.0894	-17.93		6.9408
0.0000	58.6851	7.1852	0.0003	0.0000	0.0000	0.0027	0.0000	30.7980	0.0856	-17.9648	6.9343
0.0000	58.2203	7.2638	0.0000	0.0000	0.0000	0.0000	0.0000	31.0237	0.0778	-18.0085	6.9282
0.0000	58.0651	7.0299	0.0266	0.0000	0.0000	0.0000	0.0000	30.5584	0.0787	-18.076		6.9442
0.0000	56.5502	6.7187	0.0000	0.0000	0.0000	0.0117	0.0000	31.5558	0.0561	-18.2103	6.9426
0.0000	56.2346	6.6351	0.0010	0.0000	0.0000	0.0000	0.0000	31.1173	0.1010	-18.242		6.9217
0.0000	56.7550	6.7393	0.0168	0.0000	0.0000	0.0055	0.0000	31.4434	0.0897	-18.1795	7.0607
0.0000	56.3314	6.7165	0.0154	0.0000	0.0000	0.0181	0.0000	31.8730	0.0979	-18.225		7.0836
0.0000	55.7825	6.7608	0.0000	0.0000	0.0000	0.0000	0.0000	31.3545	0.0876	-18.3779	6.9248
0.0000	56.1296	6.8263	0.0825	0.0000	0.0000	0.0524	0.0000	30.6678	0.0682	-18.4032	6.7932
0.0870	16.6650	15.9830	37.5100	9.3920	0.0000	3.4270	0.0000	11.3030	0.0050	-17.6384	6.1652
0.0680	15.7400	14.5840	35.9130	9.2550	0.0000	4.3950	0.0000	12.3040	0.0040	-17.8838	6.4442
0.0620	15.1440	11.5890	34.0620	9.0690	0.0000	5.2660	0.0000	15.4370	0.0160	-16.9302	8.2282
0.0860	15.6850	11.5120	34.8110	9.0980	0.0000	5.2710	0.0000	15.6070	0.0200	-16.9485	8.1121
0.0810	15.4990	12.8270	35.3650	9.1900	0.0000	4.6500	0.0000	13.9870	0.0060	-16.5792	8.4102
0.0910	15.9640	13.8750	36.1300	9.1100	0.0000	4.3990	0.0000	13.7120	0.0140	-16.4449	8.5204
0.0700	16.0740	13.9280	36.6580	9.3180	0.0000	4.8370	0.0000	13.4320	0.0400	-17.7424	7.8679
0.1230	34.5240	10.8080	49.2010	0.0080	0.0040	0.0000	0.0000	4.4270	0.0000	-17.4479	6.6159
0.0930	34.5170	10.6340	49.3100	0.0090	0.0050	0.0000	0.0000	4.6030	0.0000	-17.5452	6.6984
0.0520	34.8210	10.6950	49.6380	0.0080	0.0360	0.0000	0.0000	4.6150	0.0000	-17.6412	6.8082
0.0620	34.5110	10.5170	49.5620	0.0060	0.0000	0.0000	0.0000	4.6110	0.0000	-17.7379	6.9044
0.0670	34.6220	10.6450	49.4990	0.0060	0.0000	0.0000	0.0000	4.6450	0.0000	-17.8345	7.0006
0.0710	34.5080	10.6280	49.6730	0.0100	0.0200	0.0000	0.0000	4.3670	0.0000	-17.9312	7.0968
0.0730	34.2380	10.6360	49.6740	0.0090	0.0050	0.0000	0.0000	4.5520	0.0000	-18.0278	7.1929
0.1030	34.5580	10.9430	49.6040	0.0130	0.0020	0.0000	0.0000	4.3730	0.0000	-18.1245	7.2891
0.0530	34.7060	10.4760	49.6460	0.0110	0.0000	0.0000	0.0000	4.8940	0.0000	-16.8645	7.6109
0.0840	34.3480	10.3150	49.4010	0.0120	0.0210	0.0000	0.0000	4.9330	0.0000	-16.8953	7.3839
0.0790	34.7070	10.4400	49.4590	0.0110	0.0350	0.0000	0.0000	4.7430	0.0000	-16.6972	8.0984
0.0810	34.4080	10.3470	49.4710	0.0080	0.0090	0.0000	0.0000	4.9660	0.0000	-17.1923	7.8657
0.0000	21.7750	7.4530	37.6850	0.0000	1.1300	0.0120	0.0690	30.4000	0.8410	-17.8043	6.4239
0.0020	22.3820	8.6960	38.3930	0.0000	0.9270	0.0140	0.0520	28.9490	0.8780	-17.667		6.4717
0.0530	22.3850	8.6920	38.2110	0.0060	0.8650	0.0070	0.0740	29.1560	0.7850	-17.362		6.5617
0.0000	22.1540	8.3190	38.3860	0.0020	0.8270	0.0030	0.0470	29.3000	0.7840	-16.742		7.0946
0.0310	22.1650	8.2910	38.4860	0.0180	0.9680	0.0070	0.0650	29.2030	0.7830	-16.808		7.0936
0.0120	21.8900	8.3250	38.0930	0.0000	0.8820	0.0200	0.0500	29.0930	0.8290	-16.8677	8.3999
0.0000	22.2220	9.0810	38.5740	0.0000	0.8640	0.0060	0.0810	28.1970	0.7430	-16.6701	8.6443
0.0150	22.3300	9.4470	38.6950	0.0000	0.8460	0.0110	0.0340	28.1790	0.7630	-16.5381	8.795
0.0310	22.5010	9.2900	38.3790	0.0000	0.9720	0.0000	0.0560	27.8460	0.7720	-16.3059	8.9846
0.0000	22.3050	9.1960	38.7410	0.0000	0.9470	0.0110	0.0570	28.4650	0.7250	-17.7302	5.9877
0.0150	22.1680	8.4530	38.5540	0.0120	0.8970	0.0410	0.0590	29.1640	0.7630	-17.8208	6.1955
0.0070	21.9510	7.8330	38.1050	0.0020	0.9640	0.0360	0.0490	29.9130	0.7750	-17.8875	6.2641
0.0000	0.0210	0.6390	0.0000	0.0000	0.0000	46.7160	0.1440	49.9690	0.2200	-18.4423	6.8039
0.0000	0.0590	1.1470	0.0470	0.0000	0.0000	48.1310	0.3550	47.3290	0.2190	-18.4859	6.9693
0.0000	0.0300	1.3420	0.0140	0.0000	0.0130	50.9060	0.1360	47.1050	0.1900	-17.5894	8.1635
0.0000	0.0350	1.8220	0.0030	0.0000	0.0000	50.5040	0.1990	46.0040	0.2170	-17.6885	8.7338
0.0000	0.0150	0.7570	0.0210	0.0000	0.0110	51.0490	0.0370	47.5930	0.1580	-17.8007	6.2771
0.0000	0.0170	0.0000	0.0190	0.0000	0.0000	98.4070	0.0870	0.7130	0.0000	-17.7947	6.3281
1.4020	19.6510	0.0000	64.9270	13.5520	0.0000	0.0000	0.0000	0.1357	0.0000	-17.8277	7.9068
1.1680	19.2570	0.0000	64.7510	14.0050	0.0000	0.0000	0.0000	0.0485	0.0000	-17.2859	8.0873
1.8120	19.2710	0.0000	64.5140	13.2520	0.0000	0.0000	0.0000	0.0351	0.0000	-17.0221	8.3418
8.2300	23.9290	0.0000	60.8030	0.1400	4.8850	0.0000	0.0000	0.5079	0.0000	-17.4553	8.8772
0.8450	18.9660	0.0000	64.2950	14.4910	0.0000	0.0000	0.0000	0.0081	0.0000	-17.4627	8.8621
8.9630	23.8300	0.0000	62.9530	0.1230	4.5670	0.0000	0.0000	0.0494	0.0000	-17.5471	8.8269
1.1240	19.3160	0.0000	64.3350	14.2740	0.0000	0.0000	0.0000	0.0279	0.0000	-17.5528	8.8201
8.9080	24.1500	0.0000	62.8920	0.1110	4.6990	0.0000	0.0000	0.0153	0.0000	-17.6332	8.8977
0.8980	19.2450	0.0000	64.3350	14.4220	0.0000	0.0000	0.0000	0.0000	0.0000	-17.6616	8.9145
8.2710	24.8840	0.0000	61.2310	0.1340	5.5610	0.0000	0.0000	0.1295	0.0000	-17.8863	8.8677
8.4500	24.7550	0.0000	61.4210	0.1480	5.4230	0.0000	0.0000	0.0045	0.0000	-18.0216	8.9507
8.5250	24.8630	0.0000	61.4830	0.1850	5.3880	0.0000	0.0000	0.0162	0.0000	-18.1388	9.0063
8.1070	24.9290	0.0000	61.4640	0.1400	5.6080	0.0000	0.0000	0.0476	0.0000	-18.2821	9.0391
8.2670	20.8000	0.0000	67.6060	0.0790	3.5830	0.0000	0.0000	0.0764	0.0000	-16.9911	8.5611
8.3930	24.7070	0.0000	61.4030	0.1260	5.4890	0.0000	0.0000	0.0441	0.0000	-17.0286	8.5697
8.3050	21.3500	0.0000	67.4490	0.0800	3.9710	0.0000	0.0000	0.0324	0.0000	-17.0747	8.3859
8.4610	25.0400	0.0000	61.1430	0.1350	5.4950	0.0000	0.0000	0.0485	0.0000	-17.1069	8.3863
7.6830	20.9120	0.0000	68.0140	0.1120	4.2220	0.0000	0.0000	0.0476	0.0000	-17.036		8.2848
8.6260	25.0730	0.0000	61.3010	0.0940	5.5210	0.0000	0.0000	0.2472	0.0000	-16.8049	8.3581
0.0000	57.6560	6.9510	0.0240	0.0000	0.0000	0.0090	0.0000	30.8762	0.0950	-18.0085	6.9182
0.0000	57.5690	7.2170	0.0000	0.0000	0.0000	0.0000	0.0000	31.3481	0.1020	-17.6813	7.079
0.0000	57.6310	7.0770	0.0110	0.0000	0.0000	0.0060	0.0000	31.3769	0.0940	-17.8635	7.2754
0.0000	55.8020	6.5320	0.0270	0.0000	0.0000	0.0050	0.0000	31.7050	0.0720	-18.2019	7.0533
0.0000	55.7740	6.6910	0.0000	0.0000	0.0000	0.0000	0.0000	31.0892	0.0680	-18.21		6.9367
